first_name,middle_name,last_name,email,phone,gender,current_class,parent_name,parent_phone,parent_email
Abebe,Kebede,Abebe,abebe.kebede@email.com,0912345678,MALE,Grade 9,Kebede Abebe,0931400581,parent.abebe.kebede@email.com
Biruk,Alemu,Biruk,biruk.alemu@email.com,0912345679,FEMALE,Grade 9,Alemu Biruk,0956330137,parent.biruk.alemu@email.com
Chala,Deressa,Chala,chala.deressa@email.com,0912345680,MALE,Grade 9,Deressa Chala,0942297464,parent.chala.deressa@email.com
Dawit,Wolde,Dawit,dawit.wolde@email.com,0912345681,MALE,Grade 9,Wolde Dawit,0918006756,parent.dawit.wolde@email.com
Etenesh,Tadesse,Etenesh,etenesh.tadesse@email.com,0912345682,FEMALE,Grade 9,Tadesse Etenesh,0928219532,parent.etenesh.tadesse@email.com
Fikadu,Solomon,Fikadu,fikadu.solomon@email.com,0912345683,MALE,Grade 9,Solomon Fikadu,0916221375,parent.fikadu.solomon@email.com
Gelila,Mohammed,Gelila,gelila.mohammed@email.com,0912345684,FEMALE,Grade 9,Mohammed Gelila,0943859522,parent.gelila.mohammed@email.com
Hailu,Tekalign,Hailu,hailu.tekalign@email.com,0912345685,MALE,Grade 9,Tekalign Hailu,0938908903,parent.hailu.tekalign@email.com
Insermu,Bekele,Insermu,insermu.bekele@email.com,0912345686,MALE,Grade 9,Bekele Insermu,0994373110,parent.insermu.bekele@email.com
Jemal,Ahmed,Jemal,jemal.ahmed@email.com,0912345687,MALE,Grade 9,Ahmed Jemal,0950942545,parent.jemal.ahmed@email.com
Kalki,Girma,Kalki,kalki.girma@email.com,0912345688,MALE,Grade 10,Girma Kalki,0931633835,parent.kalki.girma@email.com
Lidya,Habtamu,Lidya,lidya.habtamu@email.com,0912345689,FEMALE,Grade 10,Habtamu Lidya,0993951969,parent.lidya.habtamu@email.com
Mekonnen,Asrat,Mekonnen,mekonnen.asrat@email.com,0912345690,MALE,Grade 10,Asrat Mekonnen,0973006252,parent.mekonnen.asrat@email.com
Nataniya,Getu,Nataniya,nataniya.getu@email.com,0912345691,MALE,Grade 10,Getu Nataniya,0947785814,parent.nataniya.getu@email.com
Oladipo,Mensah,Oladipo,oladipo.mensah@email.com,0912345692,MALE,Grade 10,Mensah Oladipo,0928147793,parent.oladipo.mensah@email.com
Petros,Biru,Petros,petros.biru@email.com,0912345693,MALE,Grade 10,Biru Petros,0918026857,parent.petros.biru@email.com
Rahel,Zenebe,Rahel,rahel.zenebe@email.com,0912345694,FEMALE,Grade 10,Zenebe Rahel,0919779755,parent.rahel.zenebe@email.com
Samuel,Kassa,Samuel,samuel.kassa@email.com,0912345695,MALE,Grade 10,Kassa Samuel,0961547150,parent.samuel.kassa@email.com
Tigist,Ayele,Tigist,tigist.ayele@email.com,0912345696,FEMALE,Grade 10,Ayele Tigist,0993342933,parent.tigist.ayele@email.com
Yohannes,Demeke,Yohannes,yohannes.demeke@email.com,0912345697,MALE,Grade 10,Demeke Yohannes,0973646156,parent.yohannes.demeke@email.com
Almaz,Tesfaye,Almaz,almaz.tesfaye@email.com,0912345698,FEMALE,Grade 11,Tesfaye Almaz,0939770031,parent.almaz.tesfaye@email.com
Bezawork,Shiferaw,Bezawork,bezawork.shiferaw@email.com,0912345699,MALE,Grade 11,Shiferaw Bezawork,0939443055,parent.bezawork.shiferaw@email.com
Cyprian,Ochieng,Cyprian,cyprian.ochieng@email.com,0912345700,MALE,Grade 11,Ochieng Cyprian,0971974946,parent.cyprian.ochieng@email.com
Daniel,Melaku,Daniel,daniel.melaku@email.com,0912345701,MALE,Grade 11,Melaku Daniel,0914984519,parent.daniel.melaku@email.com
Ester,Gobeze,Ester,ester.gobeze@email.com,0912345702,FEMALE,Grade 11,Gobeze Ester,0990387782,parent.ester.gobeze@email.com
Frezer,Berhanu,Frezer,frezer.berhanu@email.com,0912345703,MALE,Grade 11,Berhanu Frezer,0935000201,parent.frezer.berhanu@email.com
Genet,Worku,Genet,genet.worku@email.com,0912345704,FEMALE,Grade 11,Worku Genet,0939248008,parent.genet.worku@email.com
Haben,Hailemariam,Haben,haben.hailemariam@email.com,0912345705,MALE,Grade 11,Hailemariam Haben,0999927204,parent.haben.hailemariam@email.com
Ibrahim,Musa,Ibrahim,ibrahim.musa@email.com,0912345706,MALE,Grade 11,Musa Ibrahim,0958414560,parent.ibrahim.musa@email.com
Josiah,Kamau,Josiah,josiah.kamau@email.com,0912345707,MALE,Grade 11,Kamau Josiah,0929455588,parent.josiah.kamau@email.com
Kiflom,Hagos,Kiflom,kiflom.hagos@email.com,0912345708,MALE,Grade 12,Hagos Kiflom,0977846310,parent.kiflom.hagos@email.com
Liul,Workneh,Liul,liul.workneh@email.com,0912345709,MALE,Grade 12,Workneh Liul,0926129483,parent.liul.workneh@email.com
Meskerem,Assefa,Meskerem,meskerem.assefa@email.com,0912345710,FEMALE,Grade 12,Assefa Meskerem,0915236711,parent.meskerem.assefa@email.com
Nibret,Gudeta,Nibret,nibret.gudeta@email.com,0912345711,MALE,Grade 12,Gudeta Nibret,0957928936,parent.nibret.gudeta@email.com
Oscar,Otiende,Oscar,oscar.otiende@email.com,0912345712,MALE,Grade 12,Otiende Oscar,0979385413,parent.oscar.otiende@email.com
Patience,Mugo,Patience,patience.mugo@email.com,0912345713,FEMALE,Grade 12,Mugo Patience,0929218311,parent.patience.mugo@email.com
Queenesta,Bekele,Queenesta,queenesta.bekele@email.com,0912345714,FEMALE,Grade 12,Bekele Queenesta,0913547371,parent.queenesta.bekele@email.com
Reuben,Otieno,Reuben,reuben.otieno@email.com,0912345715,MALE,Grade 12,Otieno Reuben,0969509362,parent.reuben.otieno@email.com
Selamawit,Abebe,Selamawit,selamawit.abebe@email.com,0912345716,FEMALE,Grade 12,Abebe Selamawit,0927561962,parent.selamawit.abebe@email.com
Ahmed,Hasen,Edo,ahmed.hasen.edo@email.com,0912345718,MALE,Grade 9,Hasen Ahmed Edo,0935483044,parent.ahmed.hasen@email.com
Tamrat,Negussie,Tamrat,tamrat.negussie@email.com,0912345717,MALE,Grade 12,Negussie Tamrat,0935483043,parent.tamrat.negussie@email.com
